{
   "sites":[
      {
         "key":"77",
         "name":"77(爬虫)",
         "type":3,
         "api":"csp_Kunyu77",
         "searchable":1,
         "quickSearch":1,
         "filterable":1
      },
      {
         "key":"Kuaikan",
         "name":"快看(爬虫)",
         "type":3,
         "api":"csp_Kuaikan",
         "searchable":1,
         "quickSearch":1,
         "filterable":1
      },
        {
         "key":"csp_LiteApple",
         "name":"小苹果(SP)",
         "type":3,
         "api":"csp_LiteApple",
         "searchable":1,
         "quickSearch":1,
         "filterable":1,
         "jar":"http://124.221.191.243/files/api/public/dl/1xnQFaf7"
      },
      {
         "key":"Lezhu",
         "name":"乐猪(爬虫)",
         "api":"csp_Lezhu",
         "type":3,
         "filterable":1,
         "quickSearch":1,
         "searchable":1
      },
        {
         "key":"AppTT",
         "name":"图图(爬虫)",
         "type":3,
         "api":"csp_AppTT",
         "searchable":1,
         "quickSearch":1,
         "filterable":1
      },
        {
         "key":"七七",
         "name":"七七(SP)",
         "type":3,
         "api":"csp_Kunyu77",
         "searchable":1,
         "quickSearch":1,
         "filterable":1,
         "jar":"http://124.221.191.243/files/api/public/dl/1xnQFaf7"
      },
        {
         "key":"csp_fant",
         "name":"饭团(SP)",
         "api":"csp_Fantuan",
         "type":3,
         "filterable":1,
         "quickSearch":1,
         "searchable":1,
         "jar":"http://124.221.191.243/files/api/public/dl/1xnQFaf7"
      },
        {
         "key":"csp_Dy1010",
         "name":"双十(SP)",
         "type":3,
         "api":"csp_Dy1010",
         "searchable":1,
         "quickSearch":1,
         "filterable":1,
         "jar":"http://124.221.191.243/files/api/public/dl/1xnQFaf7"
      },
        {
         "key":"追剧喵",
         "name":"追剧喵(SP)",
         "type":3,
         "api":"csp_ZJMiao",
         "searchable":1,
         "quickSearch":1,
         "filterable":1,
         "jar":"http://124.221.191.243/files/api/public/dl/1xnQFaf7"
      },
      {
         "key":"哔滴影视",
         "name":"哔滴影视(爬虫)",
         "type":3,
         "api":"csp_Bdys01",
         "searchable":1,
         "quickSearch":1,
         "filterable":1
      },
      {
         "key":"Lib",
         "name":"Libvio(爬虫)",
         "type":3,
         "api":"csp_Lib",
         "searchable":1,
         "quickSearch":1,
         "filterable":1
      },
      {
         "key":"Zjdr",
         "name":"追剧达人(爬虫)",
         "type":3,
         "api":"csp_Zjdr",
         "searchable":1,
         "quickSearch":1,
         "filterable":1
      },
      {
         "key":"Auete",
         "name":"Auete(爬虫)",
         "type":3,
         "api":"csp_Auete",
         "searchable":1,
         "quickSearch":1,
         "filterable":1
      },
      {
         "key":"在线之家",
         "name":"在线之家(爬虫)",
         "type":3,
         "api":"csp_Zxzj",
         "searchable":1,
         "quickSearch":1,
         "filterable":1
      },
        {
         "key":"csp_Tkys",
         "name":"天空(SP)",
         "type":3,
         "api":"csp_Tkys",
         "searchable":1,
         "quickSearch":1,
         "filterable":1,
         "jar":"http://124.221.191.243/files/api/public/dl/1xnQFaf7"
      },
      {
         "key":"360",
         "name":"360(不稳)",
         "type":3,
         "api":"csp_SP360",
         "searchable":1,
         "quickSearch":1,
         "filterable":1,
         "jar":"http://124.221.191.243/files/api/public/dl/1xnQFaf7"
      }
   ],
   "lives":[
      {
         "group":"redirect",
         "channels":[
            {
               "name":"live",
               "urls":[
                  "proxy://do=live&type=txt&ext=aHR0cDovLzEyNC4yMjEuMTkxLjI0My9maWxlcy9hcGkvcHVibGljL2RsL0dvNlZNajM4"
               ]
            }
         ]
      }
   ],
   "parses":[
      {
         "name":"解析聚合",
         "type":3,
         "url":"Demo"
      },
      {
         "name":"Json并发",
         "type":2,
         "url":"Parallel"
      },
      {
         "name":"Json轮询",
         "type":2,
         "url":"Sequence"
      },
      {
         "name":"可遇不可求",
         "type":1,
         "url":"http://newjiexi.gotka.top/keyu3.php?url=",
         "ext":{
            "flag":[
               "qq",
               "腾讯",
               "qiyi",
               "爱奇艺",
               "奇艺",
               "youku",
               "优酷",
               "mgtv",
               "芒果",
               "letv",
               "乐视",
               "pptv",
               "PPTV",
               "sohu",
               "bilibili",
               "哔哩哔哩",
               "哔哩"
            ],
            "header":{
               "User-Agent":"okhttp/4.1.0"
            }
         }
      },
      {
         "name":"bozrc",
         "type":0,
         "url":"https://jx.bozrc.com:4433/player/?url=",
         "ext":{
            "flag":[
               "qq",
               "腾讯",
               "qiyi",
               "爱奇艺",
               "奇艺",
               "youku",
               "优酷",
               "mgtv",
               "芒果",
               "letv",
               "leshi",
               "LS",
               "pptv",
               "PPTV",
               "sohu",
               "bilibili",
               "哔哩哔哩",
               "哔哩"
            ],
            "header":{
               "User-Agent":""
            }
         }
      },
      {
         "name":"rx2",
         "type":1,
         "url":"http://rxjx.kuanjv.com/allm3u8.php?url="
      }
   ],
   "flags":[
      "youku",
      "qq",
      "QQ",
      "iqiyi",
      "qiyi",
      "letv",
      "sohu",
      "tudou",
      "pptv",
      "PPTV",
      "mgtv",
      "ltnb",
      "rx",
      "CL4K",
      "xfyun",
      "wuduzy",
      "wasu",
      "bilibili",
      "renrenmi",
      "xmm",
      "xigua",
      "m1905",
      "funshion",
      "优酷",
      "芒果",
      "腾讯",
      "爱奇艺",
      "奇艺",
      "哔哩哔哩",
      "哔哩"
   ],
   "ijk":[
      {
         "group":"软解码",
         "options":[
            {
               "category":4,
               "name":"opensles",
               "value":"0"
            },
            {
               "category":4,
               "name":"overlay-format",
               "value":"842225234"
            },
            {
               "category":4,
               "name":"framedrop",
               "value":"1"
            },
            {
               "category":4,
               "name":"soundtouch",
               "value":"1"
            },
            {
               "category":4,
               "name":"start-on-prepared",
               "value":"1"
            },
            {
               "category":1,
               "name":"http-detect-range-support",
               "value":"0"
            },
            {
               "category":1,
               "name":"fflags",
               "value":"fastseek"
            },
            {
               "category":2,
               "name":"skip_loop_filter",
               "value":"48"
            },
            {
               "category":4,
               "name":"reconnect",
               "value":"1"
            },
            {
               "category":4,
               "name":"enable-accurate-seek",
               "value":"0"
            },
            {
               "category":4,
               "name":"mediacodec",
               "value":"0"
            },
            {
               "category":4,
               "name":"mediacodec-auto-rotate",
               "value":"0"
            },
            {
               "category":4,
               "name":"mediacodec-handle-resolution-change",
               "value":"0"
            },
            {
               "category":4,
               "name":"mediacodec-hevc",
               "value":"0"
            },
            {
               "category":1,
               "name":"dns_cache_timeout",
               "value":"600000000"
            }
         ]
      },
      {
         "group":"硬解码",
         "options":[
            {
               "category":4,
               "name":"opensles",
               "value":"0"
            },
            {
               "category":4,
               "name":"overlay-format",
               "value":"842225234"
            },
            {
               "category":4,
               "name":"framedrop",
               "value":"1"
            },
            {
               "category":4,
               "name":"soundtouch",
               "value":"1"
            },
            {
               "category":4,
               "name":"start-on-prepared",
               "value":"1"
            },
            {
               "category":1,
               "name":"http-detect-range-support",
               "value":"0"
            },
            {
               "category":1,
               "name":"fflags",
               "value":"fastseek"
            },
            {
               "category":2,
               "name":"skip_loop_filter",
               "value":"48"
            },
            {
               "category":4,
               "name":"reconnect",
               "value":"1"
            },
            {
               "category":4,
               "name":"enable-accurate-seek",
               "value":"0"
            },
            {
               "category":4,
               "name":"mediacodec",
               "value":"1"
            },
            {
               "category":4,
               "name":"mediacodec-auto-rotate",
               "value":"1"
            },
            {
               "category":4,
               "name":"mediacodec-handle-resolution-change",
               "value":"1"
            },
            {
               "category":4,
               "name":"mediacodec-hevc",
               "value":"1"
            },
            {
               "category":1,
               "name":"dns_cache_timeout",
               "value":"600000000"
            }
         ]
      }
   ],
   "ads":[
      "https://lf1-cdn-tos.bytegoofy.com/obj/tos-cn-i-dy/455ccf9e8ae744378118e4bd289288dd",
      "mimg.0c1q0l.cn",
      "www.googletagmanager.com",
      "www.google-analytics.com",
      "mc.usihnbcq.cn",
      "mg.g1mm3d.cn",
      "mscs.svaeuzh.cn",
      "cnzz.hhttm.top",
      "tp.vinuxhome.com",
      "cnzz.mmstat.com",
      "www.baihuillq.com",
      "s23.cnzz.com",
      "z3.cnzz.com",
      "c.cnzz.com",
      "stj.v1vo.top",
      "z12.cnzz.com",
      "img.mosflower.cn",
      "tips.gamevvip.com",
      "ehwe.yhdtns.com",
      "xdn.cqqc3.com",
      "www.jixunkyy.cn",
      "sp.chemacid.cn",
      "hm.baidu.com",
      "s9.cnzz.com",
      "z6.cnzz.com",
      "um.cavuc.com",
      "mav.mavuz.com",
      "wofwk.aoidf3.com",
      "z5.cnzz.com",
      "xc.hubeijieshikj.cn",
      "tj.tianwenhu.com",
      "xg.gars57.cn",
      "k.jinxiuzhilv.com",
      "cdn.bootcss.com",
      "ppl.xunzhuo123.com",
      "xomk.jiangjunmh.top",
      "img.xunzhuo123.com",
      "z1.cnzz.com",
      "s13.cnzz.com",
      "xg.huataisangao.cn",
      "z7.cnzz.com",
      "xg.huataisangao.cn",
      "z2.cnzz.com",
      "s96.cnzz.com",
      "q11.cnzz.com",
      "thy.dacedsfa.cn",
      "xg.whsbpw.cn",
      "s19.cnzz.com",
      "z8.cnzz.com",
      "s4.cnzz.com",
      "f5w.as12df.top",
      "ae01.alicdn.com",
      "www.92424.cn",
      "k.wudejia.com",
      "vivovip.mmszxc.top",
      "qiu.xixiqiu.com",
      "cdnjs.hnfenxun.com",
      "cms.qdwght.com"
   ],
   "spider":"http://124.221.191.243/files/api/public/dl/izbHBd1l"
}